{"cameraMode":{"drawMode":0,"name":"Shaded","section":"Shading Mode"},"sceneLighting":false,"audioPlay":false,"sceneViewState":{"showFog":true,"showMaterialUpdate":true,"showSkybox":false,"showFlares":true,"showImageEffects":true,"showParticleSystems":true},"in2DMode":false,"pivot":{"x":5.283901691436768,"y":1.7515714168548585,"z":0.6102163791656494},"rotation":{"x":0.15265515446662904,"y":0.42288440465927126,"z":-0.07250048965215683,"w":0.8902963399887085},"size":4.467084884643555,"orthographic":false}