{"cameraMode":{"drawMode":0,"name":"Shaded","section":"Shading Mode"},"sceneLighting":true,"audioPlay":false,"sceneViewState":{"showFog":true,"showMaterialUpdate":true,"showSkybox":true,"showFlares":true,"showImageEffects":true,"showParticleSystems":true},"in2DMode":false,"pivot":{"x":0.1926736831665039,"y":1.2400000095367432,"z":0.6979246139526367},"rotation":{"x":-0.17123715579509736,"y":0.8033579587936401,"z":-0.275448203086853,"w":-0.49942147731781008},"size":17.600296020507814,"orthographic":false}