{"cameraMode":{"drawMode":0,"name":"Shaded","section":"Shading Mode"},"sceneLighting":false,"audioPlay":false,"sceneViewState":{"showFog":true,"showMaterialUpdate":true,"showSkybox":false,"showFlares":true,"showImageEffects":true,"showParticleSystems":true},"in2DMode":false,"pivot":{"x":-15.520000457763672,"y":3.0899999141693117,"z":5.590000152587891},"rotation":{"x":-0.12995387613773347,"y":0.7904481887817383,"z":-0.1799243539571762,"w":-0.5709147453308106},"size":2.857893466949463,"orthographic":false}