{"cameraMode":{"drawMode":0,"name":"Shaded","section":"Shading Mode"},"sceneLighting":true,"audioPlay":false,"sceneViewState":{"showFog":true,"showMaterialUpdate":true,"showSkybox":true,"showFlares":true,"showImageEffects":true,"showParticleSystems":true},"in2DMode":false,"pivot":{"x":-4.17128849029541,"y":4.188681602478027,"z":4.677816390991211},"rotation":{"x":-0.09987941384315491,"y":0.12290482223033905,"z":-0.012386415153741837,"w":-0.9873563051223755},"size":13.62857723236084,"orthographic":false}